{
  "hash": "5d3f77ad",
  "configHash": "2a3501df",
  "lockfileHash": "7c671d44",
  "browserHash": "281c67fa",
  "optimized": {
    "@angular/common": {
      "src": "../../../../../../node_modules/@angular/common/fesm2022/common.mjs",
      "file": "@angular_common.js",
      "fileHash": "6e86e746",
      "needsInterop": false
    },
    "@angular/core": {
      "src": "../../../../../../node_modules/@angular/core/fesm2022/core.mjs",
      "file": "@angular_core.js",
      "fileHash": "f6150e43",
      "needsInterop": false
    },
    "@angular/forms": {
      "src": "../../../../../../node_modules/@angular/forms/fesm2022/forms.mjs",
      "file": "@angular_forms.js",
      "fileHash": "39482db6",
      "needsInterop": false
    },
    "@angular/platform-browser": {
      "src": "../../../../../../node_modules/@angular/platform-browser/fesm2022/platform-browser.mjs",
      "file": "@angular_platform-browser.js",
      "fileHash": "f87a4894",
      "needsInterop": false
    },
    "@angular/router": {
      "src": "../../../../../../node_modules/@angular/router/fesm2022/router.mjs",
      "file": "@angular_router.js",
      "fileHash": "a665823c",
      "needsInterop": false
    }
  },
  "chunks": {
    "chunk-XBUUMZJV": {
      "file": "chunk-XBUUMZJV.js"
    },
    "chunk-XWHXAXJE": {
      "file": "chunk-XWHXAXJE.js"
    },
    "chunk-GIKWJLYW": {
      "file": "chunk-GIKWJLYW.js"
    }
  }
}