{
  "hash": "35041de2",
  "configHash": "7787f5d0",
  "lockfileHash": "f90137c2",
  "browserHash": "f913ee33",
  "optimized": {
    "@angular/common": {
      "src": "../../../../../../node_modules/@angular/common/fesm2022/common.mjs",
      "file": "@angular_common.js",
      "fileHash": "18895d51",
      "needsInterop": false
    },
    "@angular/core": {
      "src": "../../../../../../node_modules/@angular/core/fesm2022/core.mjs",
      "file": "@angular_core.js",
      "fileHash": "cdb62f20",
      "needsInterop": false
    },
    "@angular/forms": {
      "src": "../../../../../../node_modules/@angular/forms/fesm2022/forms.mjs",
      "file": "@angular_forms.js",
      "fileHash": "032fd7f6",
      "needsInterop": false
    },
    "@angular/platform-browser": {
      "src": "../../../../../../node_modules/@angular/platform-browser/fesm2022/platform-browser.mjs",
      "file": "@angular_platform-browser.js",
      "fileHash": "4ad60c02",
      "needsInterop": false
    },
    "@angular/router": {
      "src": "../../../../../../node_modules/@angular/router/fesm2022/router.mjs",
      "file": "@angular_router.js",
      "fileHash": "156ee65d",
      "needsInterop": false
    }
  },
  "chunks": {
    "chunk-XBUUMZJV": {
      "file": "chunk-XBUUMZJV.js"
    },
    "chunk-XWHXAXJE": {
      "file": "chunk-XWHXAXJE.js"
    },
    "chunk-GIKWJLYW": {
      "file": "chunk-GIKWJLYW.js"
    }
  }
}